iter	MultiClass
0	-0.2943792118
1	-0.1881054348
2	-0.1608686511
3	-0.1592648674
4	-0.1210052237
5	-0.1129955953
6	-0.1063681792
7	-0.09092939905
8	-0.08111318753
9	-0.07065964796
